underreporting_cases,underreporting_deaths,ifr
17.26347197469118,3.498925104711928,0.0010164559883176383
