underreporting_cases,underreporting_deaths,ifr
10.210536636330323,2.939014868930134,0.0023327291344383324
