underreporting_cases,underreporting_deaths,ifr
9.350500577865668,2.752346553471473,0.0035643008336979196
