underreporting_cases,underreporting_deaths,ifr
104.78869002266629,23.591252636941633,0.0030531893695689037
