underreporting_cases,underreporting_deaths,ifr
35.09703064497497,7.983051698012675,0.0016543158785230056
