underreporting_cases,underreporting_deaths,ifr
45.94760107945944,6.10183671417039,6.227886533187746e-4
