underreporting_cases,underreporting_deaths,ifr
63.71439363670208,14.26781197964565,0.002953943442005642
