underreporting_cases,underreporting_deaths,ifr
17.220498337901365,4.223218527968526,0.0034059948206275736
