underreporting_cases,underreporting_deaths,ifr
43.903946835048764,11.436792805637756,0.0059021485336638565
