underreporting_cases,underreporting_deaths,ifr
142.29678223519403,20.80050476569976,0.0013583390907091306
