underreporting_cases,underreporting_deaths,ifr
57.72827060132417,13.287556724047231,0.0026936131174076098
