underreporting_cases,underreporting_deaths,ifr
70.80579301974076,12.284017600117064,0.0014932139106385708
