underreporting_cases,underreporting_deaths,ifr
32.53612521701743,4.68959257366864,7.431856114897507e-4
