underreporting_cases,underreporting_deaths,ifr
47.171676992366926,7.178670643669352,0.001073288551720889
