underreporting_cases,underreporting_deaths,ifr
113.1209088802595,16.5483111298314,0.0014107261257997607
