underreporting_cases,underreporting_deaths,ifr
172.1775715159732,21.837461542034475,6.357843785297991e-4
