underreporting_cases,underreporting_deaths,ifr
9.342518001883128,2.7908289825686334,0.0032510744435262535
