underreporting_cases,underreporting_deaths,ifr
31.127007364183786,6.410751661455233,0.0020000460259642703
