underreporting_cases,underreporting_deaths,ifr
7.9771954944425785,2.332795553039241,0.0010892008812867237
