underreporting_cases,underreporting_deaths,ifr
13.408077932374523,3.3916481909309186,0.0028523808352433656
